Full Name,Zedu Username
Michael Akpokiniovo,Edafe
Samuel Mukoro,samuel mukoro
Yolanda Oiza Amos,yolanda amos
Helen Agbro,Helen Agbro
Umunnakwe Clara Chioma,CeeCee-Clara
Ayomide Awosika,awosika_ayomide
Abd Kabeer Salako,Abd Kabeer
Brian Ibekwe,Monkey Monkey
Taunyane Reneilwe,Reneilwe-Taunyane
Timothy Mayor,tsmayor
Funsho Kamoru,Funsho Kamoru
Baruwa Abdul-Azeez Mayowa,abdul-azeez mayowa
Barakat Oladejo,Barakat_O
Charles Nwaobasi,Igwecharles
Drenkat Nathan Nankaham,KIZZYDEDESIGNER
Mustapha Agboola,MustaphaAgboola
Nie Osaoboh,nieosas
Ali Ogochukwu Peter,Ali-Peter
Ayodeji Saberedowo,sabhayor
Jennifer Amanze,Jenie
Olubunmi Elegbeleye,Bunnies
Folorunso Tolulope,Tolulope_builds
Ibrahim Joy,Joy/tolhim17
Richard oduh,richard_oduh
Ikeanyionwu Blessing Ngozi,PurpleTechie
Faith Dombe,faith.dombe04
Benjamin Umeh,Benjamin
Felicia Kowontan,bunmiadejoke1
Jehoshaphat Martins,Song Martins
Jasmine Daniel,Theneverdone
Adamolekun Samuel,Adams Teni
Dennis Nwokocha,Dennis
Evangel Akinfesola,evangeli amos
Okeugo Chidi Nzubechi,Jahswill
Raphael Eze,Raphblink
